{
  "weapons": {
    "soul_berserker_axe": {
      "attack_damage": 10.5,
      "attack_speed": -3.0,
      "attributes": [
        {
          "id": "spell_power:soul",
          "value": 4.0,
          "operation": "ADDITION"
        }
      ]
    },
    "flint_berserker_axe": {
      "attack_damage": 7.0,
      "attack_speed": -3.0,
      "attributes": [
        {
          "id": "spell_power:critical_damage",
          "value": 0.01,
          "operation": "MULTIPLY_BASE"
        }
      ]
    },
    "stone_berserker_axe": {
      "attack_damage": 9.0,
      "attack_speed": -3.0,
      "attributes": [
        {
          "id": "spell_power:critical_damage",
          "value": 0.02,
          "operation": "MULTIPLY_BASE"
        }
      ]
    },
    "frozen_berserker_axe": {
      "attack_damage": 9.5,
      "attack_speed": -3.0,
      "attributes": [
        {
          "id": "spell_power:critical_chance",
          "value": 0.04,
          "operation": "MULTIPLY_BASE"
        },
        {
          "id": "spell_power:frost",
          "value": 3.0,
          "operation": "ADDITION"
        }
      ]
    },
    "golden_berserker_axe": {
      "attack_damage": 7.0,
      "attack_speed": -3.0,
      "attributes": [
        {
          "id": "spell_power:critical_damage",
          "value": 0.02,
          "operation": "MULTIPLY_BASE"
        }
      ]
    },
    "thunder_berserker_axe": {
      "attack_damage": 9.5,
      "attack_speed": -3.0,
      "attributes": [
        {
          "id": "spell_power:critical_damage",
          "value": 0.1,
          "operation": "MULTIPLY_BASE"
        },
        {
          "id": "spell_power:lightning",
          "value": 3.0,
          "operation": "ADDITION"
        }
      ]
    },
    "diamond_berserker_axe": {
      "attack_damage": 9.0,
      "attack_speed": -3.0,
      "attributes": [
        {
          "id": "spell_power:critical_damage",
          "value": 0.05,
          "operation": "MULTIPLY_BASE"
        },
        {
          "id": "spell_power:critical_chance",
          "value": 0.01,
          "operation": "MULTIPLY_BASE"
        }
      ]
    },
    "netherite_berserker_axe": {
      "attack_damage": 10.0,
      "attack_speed": -3.0,
      "attributes": [
        {
          "id": "spell_power:critical_damage",
          "value": 0.075,
          "operation": "MULTIPLY_BASE"
        },
        {
          "id": "spell_power:critical_chance",
          "value": 0.02,
          "operation": "MULTIPLY_BASE"
        }
      ]
    },
    "iron_berserker_axe": {
      "attack_damage": 9.0,
      "attack_speed": -3.0,
      "attributes": [
        {
          "id": "spell_power:critical_damage",
          "value": 0.03,
          "operation": "MULTIPLY_BASE"
        }
      ]
    }
  },
  "armor_sets": {
    "northling": {
      "armor_toughness": 0.0,
      "knockback_resistance": 0.0,
      "head": {
        "armor": 2,
        "attributes": [
          {
            "id": "spell_power:critical_chance",
            "value": 0.02,
            "operation": "MULTIPLY_BASE"
          }
        ]
      },
      "chest": {
        "armor": 3,
        "attributes": [
          {
            "id": "spell_power:critical_chance",
            "value": 0.02,
            "operation": "MULTIPLY_BASE"
          }
        ]
      },
      "legs": {
        "armor": 2,
        "attributes": [
          {
            "id": "spell_power:critical_chance",
            "value": 0.02,
            "operation": "MULTIPLY_BASE"
          }
        ]
      },
      "feet": {
        "armor": 1,
        "attributes": [
          {
            "id": "spell_power:critical_chance",
            "value": 0.02,
            "operation": "MULTIPLY_BASE"
          }
        ]
      }
    },
    "wildling": {
      "armor_toughness": 0.0,
      "knockback_resistance": 0.0,
      "head": {
        "armor": 1,
        "attributes": [
          {
            "id": "spell_power:critical_chance",
            "value": 0.01,
            "operation": "MULTIPLY_BASE"
          }
        ]
      },
      "chest": {
        "armor": 2,
        "attributes": [
          {
            "id": "spell_power:critical_chance",
            "value": 0.01,
            "operation": "MULTIPLY_BASE"
          }
        ]
      },
      "legs": {
        "armor": 2,
        "attributes": [
          {
            "id": "spell_power:critical_chance",
            "value": 0.01,
            "operation": "MULTIPLY_BASE"
          }
        ]
      },
      "feet": {
        "armor": 1,
        "attributes": [
          {
            "id": "spell_power:critical_chance",
            "value": 0.01,
            "operation": "MULTIPLY_BASE"
          }
        ]
      }
    }
  }
}