{
  "item_groups": {
    "weapons_epic": {
      "ids": [
        "berserker_rpg:thunder_berserker_axe",
        "berserker_rpg:frozen_berserker_axe"
      ],
      "chance": 0.15,
      "bonus_roll": 0.2,
      "weight": 1
    },
    "weapons_legend": {
      "ids": [
        "berserker_rpg:soul_berserker_axe"
      ],
      "chance": 0.1,
      "bonus_roll": 0.2,
      "weight": 1
    }
  },
  "loot_tables": {
    "minecraft:chests/bastion_treasure": [
      "weapons_epic",
      "weapons_legend"
    ],
    "minecraft:chests/end_city_treasure": [
      "weapons_epic",
      "weapons_legend"
    ],
    "minecraft:chests/ancient_city": [
      "weapons_epic",
      "weapons_legend"
    ],
    "minecraft:chests/stronghold_library": [
      "weapons_epic",
      "weapons_legend"
    ]
  }
}