{
  "disable_all_legendary_recipes": false,
  "disable_gun_recipes": false,
  "disable_all_enchantments": false,
  "disable_enchantment_fast_hands": false,
  "disable_enchantment_posture_breaker": false,
  "disable_enchantment_stagger": false,
  "disable_recipe_bloodthirster": false,
  "disable_recipe_comet_spear": false,
  "disable_recipe_darkin_blade": false,
  "disable_recipe_dawnbreaker": false,
  "disable_recipe_heap_of_raw_iron": false,
  "disable_recipe_dragonslayer_swordspear": false,
  "disable_recipe_dragon_staff": false,
  "disable_recipe_draugr": false,
  "disable_recipe_galeforce": false,
  "disable_recipe_rageblade": false,
  "disable_recipe_lich_bane": false,
  "disable_recipe_moonlight_greatsword": false,
  "disable_recipe_moonlight_shortsword": false,
  "disable_recipe_nightfall": false,
  "disable_recipe_soul_reaper": false,
  "disable_recipe_whirligig_sawblade": false,
  "disable_recipe_withered_wabbajack": false,
  "disable_recipe_leviathan_axe": false,
  "disable_recipe_skofnung": false,
  "disable_recipe_pure_moonlight_greatsword": false,
  "disable_recipe_mjolnir": false,
  "disable_recipe_sword_of_freyr": false,
  "disable_recipe_sting": false,
  "disable_recipe_featherlight": false,
  "disable_recipe_crucible_sword": false,
  "disable_recipe_darkin_scythe": false,
  "disable_recipe_kirkhammer": false,
  "disable_recipe_ludwigs_holy_blade": false,
  "disable_recipe_draupnir_spear": false,
  "disable_recipe_holy_moonlight_sword": false,
  "disable_recipe_master_sword": false,
  "disable_recipe_frostmourne": true,
  "disable_recipe_nights_edge": false,
  "disable_recipe_empowered_dawnbreaker": false,
  "disable_recipe_kraken_slayer_bow": true,
  "disable_recipe_kraken_slayer_crossbow": false,
  "disable_recipe_darkmoon_longbow": false,
  "disable_recipe_enhanced_arkenplate": false,
  "disable_recipe_enhanced_withered_chest": false,
  "withered_demon_spawnrate": 20,
  "moderatly_sized_chungus_spawnrate": 100,
  "chungus_monolith_radius": 32,
  "evil_forlorn_spawnrate": 20,
  "can_withered_demon_spawn": true,
  "can_moderatly_sized_chungus_spawn": true,
  "can_evil_forlorn_spawn": true,
  "can_bosses_break_blocks": true,
  "chaos_armor_armor_points": [
    4,
    7,
    10,
    5
  ],
  "chaos_set_armor_points": [
    2,
    3,
    4,
    1
  ],
  "soul_ingot_armor_points": [
    3,
    5,
    7,
    3
  ],
  "soul_robes_armor_points": [
    2,
    3,
    4,
    3
  ],
  "forlorn_armor_armor_points": [
    3,
    6,
    8,
    3
  ],
  "withered_armor_armor_points": [
    4,
    7,
    10,
    5
  ],
  "chaos_crown_flip_effect_cooldown": 300,
  "arkenplate_shockwave_cooldown": 200,
  "arkenplate_shockwave_knockback": 2.0,
  "arkenplate_shockwave_damage": 6.0,
  "arkenplate_mirror_trigger_percent": 0.334,
  "withered_chest_strength_trigger_percent_1": 0.5,
  "withered_chest_strength_trigger_percent_2": 0.25,
  "withered_chest_ability_cooldown": 500,
  "withered_chest_apply_wither_duration": 100,
  "withered_chest_apply_wither_amplifier": 0,
  "withered_chest_apply_fire_seconds": 6,
  "withered_chest_life_leach_duration": 400,
  "withered_chest_life_leach_amplifier": 0,
  "bloodthirster_damage": 8,
  "bloodthirster_overshields": true,
  "lifesteal_item_base_healing": 2,
  "lifesteal_item_heal_scales": true,
  "lifesteal_item_cooldown": 60,
  "bluemoon_greatsword_damage": 8,
  "bluemoon_greatsword_charge_needed": 8,
  "bluemoon_greatsword_charge_added_post_hit": 1,
  "bluemoon_shortsword_damage": 7,
  "bluemoon_shortsword_projectile_cooldown": 120,
  "comet_spear_damage": 8,
  "comet_spear_projectile_damage": 8.0,
  "comet_spear_ability_damage": 10,
  "comet_spear_skyfall_ability_cooldown": 400,
  "comet_spear_throw_ability_cooldown": 25,
  "crucible_sword_normal_damage": 9,
  "crucible_sword_empowered_damage": 30,
  "crucible_sword_empowered_cooldown": 300,
  "darkin_blade_damage": 11,
  "darkin_blade_ability_damage": 12,
  "darkin_blade_ability_cooldown": 150,
  "darkin_scythe_damage": 9,
  "darkin_scythe_bonus_damage": 3,
  "darkin_scythe_max_souls": 100,
  "darkin_scythe_prime_ability_damage": 20.0,
  "darkin_scythe_prime_ability_percent_health_damage": 10.0,
  "darkin_scythe_prime_ability_cooldown": 400,
  "darkin_scythe_prime_heal_modifier": 0.25,
  "darkin_scythe_prime_ticks_before_dismount": 80,
  "darkmoon_longbow_ability_damage": 5.0,
  "darkmoon_longbow_ability_cooldown_ticks": 150,
  "darkmoon_longbow_increased_pull_time": 5.0,
  "dawnbreaker_damage": 8,
  "dawnbreaker_ability_damage": 10.0,
  "dawnbreaker_ability_chance_modifier": 0.0,
  "dawnbreaker_affect_all_entities": false,
  "empowered_dawnbreaker_damage": 10,
  "empowered_dawnbreaker_ability_damage": 15.0,
  "empowered_dawnbreaker_ability_cooldown": 180,
  "heap_of_raw_iron_damage": 10,
  "heap_of_raw_iron_cooldown": 200,
  "dragonslayer_swordspear_damage": 8,
  "dragonslayer_swordspear_projectile_damage": 7.0,
  "dragonslayer_swordspear_ability_damage": 6.0,
  "dragonslayer_swordspear_lightning_amount": 1,
  "dragonslayer_swordspear_throw_cooldown": 100,
  "dragonslayer_swordspear_ability_cooldown": 300,
  "dragon_staff_damage": 8,
  "dragon_staff_aura_strength": 1,
  "dragon_staff_cooldown": 100,
  "dragon_staff_use_time": 100,
  "draugr_damage_at_night": 11,
  "draupnir_spear_damage": 8,
  "draupnir_spear_projectile_damage": 10.0,
  "draupnir_spear_detonate_power": 1.0,
  "draupnir_spear_throw_cooldown": 40,
  "draupnir_spear_detonate_cooldown": 100,
  "draupnir_spear_summon_spears_cooldown": 300,
  "draupnir_spear_max_age": 400,
  "forlorn_scythe_damage": 11,
  "featherlight_damage": 8,
  "featherlight_attack_speed": 1.6,
  "frostmourne_damage": 11,
  "frostmourne_summoned_allies_cap": 50,
  "galeforce_bonus_damage": 1.0,
  "galeforce_dash_cooldown": 50,
  "rageblade_damage": 7,
  "rageblade_haste_cap": true,
  "holy_moonlight_greatsword_damage": 10,
  "holy_moonlight_ability_charge_needed": 50,
  "holy_moonlight_greatsword_charge_added_post_hit": 3,
  "holy_moonlight_ability_damage": 20.0,
  "holy_moonlight_ability_knockup": 0.3,
  "holy_moonlight_ability_cooldown": 150,
  "holy_moonlight_ruptures_amount": 8,
  "holy_moonlight_sword_damage": 7,
  "holy_moonlight_sword_max_bonus_damage": 2,
  "holy_moonlight_sword_charge_added_post_hit": 1,
  "kirkhammer_damage": 9,
  "kirkhammer_silver_sword_damage": 6,
  "kraken_slayer_bonus_true_damage": 4.0,
  "kraken_slayer_player_true_damage_taken_modifier": 0.4,
  "kraken_slayer_reduced_pull_time": 10.0,
  "leviathan_axe_damage": 10,
  "leviathan_axe_projectile_damage": 7.0,
  "leviathan_axe_return_speed": 4.0,
  "lich_bane_damage": 7,
  "lich_bane_bonus_magic_damage": 2.0,
  "ludwigs_holy_greatsword": 8,
  "righteous_undead_bonus_damage": 2.0,
  "master_sword_damage": 8,
  "master_sword_projectile_damage": 11.0,
  "mjolnir_damage": 9,
  "mjolnir_rain_bonus_damage": 2,
  "mjolnir_smash_damage": 8.0,
  "mjolnir_projectile_damage": 7.0,
  "mjolnir_lightning_smash_cooldown": 200,
  "mjolnir_lightning_circle_amount": 3,
  "mjolnir_riptide_cooldown": 300,
  "mjolnir_return_speed": 4.0,
  "moonlight_greatsword_damage": 9,
  "moonlight_greatsword_projectile_damage": 8.0,
  "pure_moonlight_greatsword_damage": 12,
  "moonlight_shortsword_damage": 8,
  "moonlight_shortsword_projectile_damage": 3.0,
  "moonlight_shortsword_projectile_cooldown": 13,
  "moonlight_ring_projectile_cooldown": 5,
  "nightfall_damage": 11,
  "nightfall_ability_damage": 18.0,
  "nightfall_ability_shield_power": 2,
  "nightfall_shield_cooldown": 500,
  "nightfall_smash_cooldown": 300,
  "nightfall_summoned_allies_cap": 50,
  "nightfall_summon_chance": 0.3,
  "nights_edge_weapon_damage": 10,
  "nights_edge_ability_cooldown": 120,
  "nights_edge_ability_damage": 10.0,
  "shadow_assassin_scythe_shadow_step_bonus_damage": 2,
  "shadow_assassin_scythe_shadow_step_ticks": 60,
  "shadow_assassin_scythe_shadow_step_cooldown": 160,
  "shadow_assassin_scythe_ability_damage": 40.0,
  "shadow_assassin_scythe_ability_cooldown": 300,
  "shadow_assassin_scythe_ticks_before_dismount": 120,
  "skofnung_damage": 8,
  "skofnung_bonus_damage": 2,
  "skofnung_disable_heal_duration": 100,
  "skofnung_stone_additional_empowered_strikes": 8,
  "soul_reaper_damage": 11,
  "soul_reaper_summoned_allies_cap": 50,
  "sting_damage": 6,
  "sting_bonus_arthropod_damage": 4.0,
  "sword_of_freyr_damage": 7,
  "whirligig_sawblade_damage": 8,
  "whirligig_sawblade_ability_damage": 5.0,
  "whirligig_sawblade_cooldown": 100,
  "whirligig_sawblade_use_time": 100,
  "withered_wabbajack_damage": 8,
  "max_posture_loss": 200,
  "enable_shield_parry": true,
  "shield_parry_cooldown": 40,
  "shield_parry_max_animation_frames": 10,
  "shield_parry_frames": 3,
  "can_projectiles_apply_posture_loss": true,
  "silver_bullet_undead_bonus_damage": 4,
  "blunderbuss_damage": 4,
  "blunderbuss_posture_loss": 15,
  "blunderbuss_cooldown": 80,
  "gatling_gun_damage": 1,
  "gatling_gun_posture_loss": 4,
  "gatling_gun_max_time": 100,
  "gatling_gun_cooldown": 120,
  "hunter_cannon_damage": 10,
  "hunter_cannon_posture_loss": 35,
  "hunter_cannon_cooldown": 300,
  "hunter_pistol_damage": 2,
  "hunter_pistol_posture_loss": 21,
  "hunter_pistol_cooldown": 50,
  "decaying_king_health": 500.0,
  "decaying_king_attack_cooldown_ticks": 20,
  "decaying_king_special_cooldown_ticks": 60,
  "decaying_king_damage_modifier": 1.0,
  "decaying_king_xp": 500,
  "returning_knight_health": 400.0,
  "returning_knight_attack_cooldown_ticks": 40,
  "returning_knight_special_cooldown_ticks": 80,
  "returning_knight_damage_modifier": 1.0,
  "returning_knight_xp": 500,
  "old_champions_remains_health": 200.0,
  "old_champions_remains_attack_cooldown_ticks": 10,
  "old_champions_remains_special_cooldown_ticks": 300,
  "old_champions_remains_damage_modifier": 1.0,
  "old_champions_remains_hits_before_growing_resistant": 3,
  "old_champions_remains_xp": 200,
  "frenzied_shade_health": 100.0,
  "frenzied_shade_damage_modifier": 1.0,
  "frenzied_shade_cooldown": 10,
  "frenzied_shade_xp": 400,
  "chaos_monarch_health": 400.0,
  "chaos_monarch_attack_cooldown_ticks": 20,
  "chaos_monarch_damage_modifier": 1.0,
  "chaos_monarch_xp": 500,
  "fallen_icon_health": 500.0,
  "fallen_icon_attack_cooldown_ticks_phase_1": 30,
  "fallen_icon_attack_cooldown_ticks_phase_2": 0,
  "fallen_icon_special_cooldown_ticks": 50,
  "fallen_icon_damage_modifier": 1.0,
  "fallen_icon_xp": 600,
  "day_stalker_health": 500.0,
  "day_stalker_damage_modifier": 1.0,
  "day_stalker_empowered_projectile_damage_taken_modifier_phase_1": 0.8,
  "day_stalker_empowered_projectile_damage_taken_modifier_phase_2": 0.6,
  "day_stalker_xp": 500,
  "day_stalker_cooldown_modifier_phase_1": 1.0,
  "day_stalker_cooldown_modifier_phase_2": 1.0,
  "day_stalker_special_cooldown_modifier_phase_1": 1.0,
  "day_stalker_special_cooldown_modifier_phase_2": 1.0,
  "duo_fight_time_before_switch": 400,
  "night_prowler_health": 400.0,
  "night_prowler_damage_modifier": 1.0,
  "night_prowler_eclipse_healing": 3.0,
  "night_prowler_projectile_heal_below_percent_health": 0.16670000553131104,
  "night_prowler_projectile_heal_amount": 5.0,
  "night_prowler_teleport_chance": 0.3,
  "night_prowler_xp": 500,
  "night_prowler_cooldown_modifier_phase_1": 1.0,
  "night_prowler_cooldown_modifier_phase_2": 1.0,
  "night_prowler_special_cooldown_modifier_phase_1": 1.0,
  "night_prowler_special_cooldown_modifier_phase_2": 1.0
}